game_num,event_id,event_time,ball_pos_x,ball_pos_y,ball_pos_z,ball_vel_x,ball_vel_y,ball_vel_z,p0_pos_x,p0_pos_y,p0_pos_z,p0_vel_x,p0_vel_y,p0_vel_z,p0_boost,p1_pos_x,p1_pos_y,p1_pos_z,p1_vel_x,p1_vel_y,p1_vel_z,p1_boost,p2_pos_x,p2_pos_y,p2_pos_z,p2_vel_x,p2_vel_y,p2_vel_z,p2_boost,p3_pos_x,p3_pos_y,p3_pos_z,p3_vel_x,p3_vel_y,p3_vel_z,p3_boost,p4_pos_x,p4_pos_y,p4_pos_z,p4_vel_x,p4_vel_y,p4_vel_z,p4_boost,p5_pos_x,p5_pos_y,p5_pos_z,p5_vel_x,p5_vel_y,p5_vel_z,p5_boost,boost0_timer,boost1_timer,boost2_timer,boost3_timer,boost4_timer,boost5_timer,player_scoring_next,team_scoring_next,team_A_scoring_within_10sec,team_B_scoring_within_10sec
1,1002,-33.31303,-0.0,0.0,1.8548,-0.0,0.0,0.0,41.8048,-51.925,0.3402,5.6354,-4.849,0.0042,33.34,-5.0654,-75.5194,0.3402,0.36020002,9.9606,0.0,27.33,-39.6544,-49.894398,0.3402,8.8092,8.8094,0.0,22.34,5.0604,75.532005,0.3402,-0.5236,-8.0506,0.0042,33.34,-41.766403,52.0064,0.341,-5.4376,5.4378004,0.0052,33.34,39.7574,49.8216,0.3402,-8.2276,-9.2752,-0.0002,22.34,0.0,0.0,0.0,0.0,0.0,0.0,3,B,0,0
1,1002,-33.206146,-0.0,0.0,1.8548,-0.0,0.0,0.0,42.2616,-52.451202,0.3402,5.2871995,-7.4774,0.0042,33.34,-4.9298,-74.3264,0.49,2.2634,13.568199,6.07,23.84,-38.6262,-48.871803,0.3402,11.6062,11.244201,0.0,30.62,5.011,74.772995,0.3402,-0.6998,-9.942,0.0042,33.34,-42.407204,52.622402,0.5944,-7.1724,6.7398,6.2394,33.34,38.7814,48.761402,0.3402,-11.3378,-11.244,0.0002,30.62,0.0,0.0,0.0,0.0,0.0,0.0,3,B,0,0